review,rating,Sentiment
"I had the Samsung A600 for awhile which is absolute doo doo. You can read my review on it and detect my rage at the stupid thing. It finally died on me so I used this Nokia phone I bought in a garage sale for $1. I wonder y she sold it so cheap?... Bad: ===> I hate the menu. It takes forever to get to what you want because you have to scroll endlessly. Usually phones have numbered categories so u can simply press the # and get where you want to go. ===> It's a pain to put it on silent or vibrate. If you're in class and it rings, you have to turn it off immediately. There's no fast way to silence the damn thing. Always remember to put it on silent! I learned that the hard way. ===> It's so true about the case. It's a mission to get off and will break ur nails in the process. Also, you'll damage the case each time u try. For some reason the phone started giving me problems once I did succeed in opening it. ===> Buttons could be a bit bigger. Vibration could be stronger. Good: ===> Reception is not too shabby. I was using it in the elevator which is a remarkable feat considering my old phone would lose service by simply putting it in my pocket. ===> Compared to my old Samsung, this phone works quite well. The ring tones are loud enough to hear and the phone actually charges quickly and has great battery life. It doesn't heat up like a potatoe in the oven either during long phone convos. ===> Nice bright, large screen. ===> Cute ways to customize it. Scroll bar can be set to purple, pink, aqua, orange, etc. Overall: Okay phone. It serves its purpose but definitely pales in comparison to these new phones coming out from Sprint. Why get so so when you can get great?",3,Positive
"Due to a software issue between Nokia and Sprint this phone's text messaging capabilities don't work with Sprint's system and won't until a software patch comes out ""some time in the next few months"". You will have to spend at least 1 hour with Sprint's award winning customer service team to find someone who will admit this to you. The problem is that Nokia designed their phones so that incoming messages are retrieved quickly and then viewed ""offline"" the way most providers work. Sprint, however, likes to have people hook up to their server first and then stay connected, burning minutes while they check their inbox, compose a reply and wait for the Sprint server to respond so they can send it out. Innovation in money-making at its finest.",1,Positive
"This is a great, reliable phone. I also purchased this phone after my samsung A460 died. The menu is easily comprehendable and speed dialing is available for around 300 numbers. Voice dialing is also a nice feature, but it takes longer than speed dialing. The only thing that bothers me is the games...Nokia seems to have taken snake (1 and 2) off their phones. There is a skydiving game, bowling, and tennis (like pong). The ringers are very nice, and a feature is available to choose a different ringer for each person calling. However, ringtones are not available online to download to this phone. You're pretty much stuck with what you have. There are vibrating ringtones and regular (midi) polyphonic tones. All they need are covers in a reasonable price range...",5,Positive
"I love the phone and all, because I really did need one, but I didn't expect the price of the bill when I received one. Also, I've had my phone for a little over two months now and still have yet to receive my free accessories that were supposed to come with the phone. Every time I call the company, they keep telling me to wait a couple of weeks, and that I should be receiving it shortly. Other than that, I do love the phone and all that I am able to do with it; and I'm not just talking about making the phone calls! :)",3,Positive
"The phone has been great for every purpose it offers, except the day i bought it-i couldnt get the case off. You can take the case off to put your own pictures in the jaket which is super cool, but when i took it back to the store-an employee said they were meant to be hard to get off. Well, he could barely even get it off- he came close to snapping the casing in half. I was never able to get it off after that which isnt THAT big of a deal, but it got dirty under the clear casing and it looks really dirty now. MAKE SURE YOU CAN GET YOUR CASE ON AND OFF! Oh and you have to charge it ALL off the time.",4,Positive
"Hello, I have this phone and used it until I decided to buy a flip phone. I have had NO problems with the battery or new cases--it has a new fish case on it now and it stays as well as the original one. I have added ring tones, and music so it was all good for me--as a matter of fact I am willing to sell this phone, the home charger and the car charger for a great deal--email me--(...)",4,Positive
"Cool. Cheap. Color: 3 words that describe the Nokia 3588 perfectly. I mean, what more DO you want? This beauty's got classic, sleek looks that jerks you a little about a Nokia 3310's looks. The 3588 also has some amazing ringtones. And I own a cellphone shop, so I have the experience. I RATE THIS THE 5TH BEST PHONE THAT I'VE EVER COME ACROSS IN MY STORE. Do you need more prompting to buy this, pal? Well, then here it comes!: The Nokia 3599 includes an alarm clock, calendar, voice recorder, calculator and stopwatch . And trust me, its good value for money if you're on a tight budget. And oh, if you're thinking of getting this for a teenager, you've come to the right phone; they'll go crazy after its looks AND its color LCD (which happens to be a little oversize). If this phone's goin' for an adult, you've hit da soda pop again, you lucky person! NOW are ya convinced that this mobile's REAL! (it is).",5,Positive
"The 3599i is overall a nice phone, except that Nokia made its universal headset jack incompatible with most 2.5mm universal headsets (even their own). A phone call to tech support was required to find out that you need to buy a headset that plugs into the Pop-port accessory connector on the bottom of the phone. They ended up suggesting the HDB-5 headset.",4,Positive
"I've never owned a Nokia phone before, so this is a first for me. I really like the phone alot, the reception is great...even though the signal strength show's being low. The quality of the phone is great too, it feels sturdy and weighted. I highly recommend this phone.",5,Positive
ok well im in school and i need the text messaging and ive had this phone for about a month and text messaging was supposed to start working 2weeks ago.A conflict of software type stuff and btween nokia and sprint.(Its down to 4 stars) And the fact it cant download ringtones.(3stars)Or games(2 stars)But you cant beat a nearfree or free color phone(back to 3 stars) as soon as it gets text messaging it should b 4 stars.,3,Positive
"I've had this phone for over a year and I really like it. Having never been partial to flip phones, I can appreciate this Nokia's features. The color screen is very nice and all of the features are easy to use. The keylock is a simple two-button sequence though I do wish it had a timer for the keylock like my old phone. It has a lot of useful features, like a calculator, organizer, stopwatch and alarm, but the three games it has are too lame to play. The customizable features are nice, but lacking in variety. This isn't the ideal phone for a guy. You're few options are pretty girly. The ringtones also lack something to be desired, but there are a few decent ones. The battery life is pretty good, nothing special, but definitely not bad. It gets me through the average day without problems and sometimes lasts for several days. My parents, sisters, and husband all got fancy Samsung flip phones with cameras and all the toys, and I must say mine works better. The battery lasts MUCH longer and the recpetion is MUCH better. The downside to this cute phone is the case. It's made of very weak plastic that cracked in a few months. Also, if you're thinking about getting a different case for it, DON'T! Once you take it off, it will keep slipping off. It never attaches firmly again, and neither does the new case you bought. I've read this in other reviews too. Because of this, the last time I dropped it the back piece popped off and the battery flew out. Now my phone has issues. Drat. Overall, it's a great phone, if you're content with the simpler things in life. Who really uses the camera on thier phone anyway? I just reccommend buying a protective case for it and leaving it on and don't drop the delicate thing.",4,Positive
"1.) Slow - If you want to check your missed calls list, this phone feels compelled to inform you whether or not there are any new calls in the list...it does this for about 20 seconds. Of course, it will take you half a second to read the message...and you probably don't care about what it says. 2.) Annoying - Ever had anyone scream in your ear? That's a sensation I get from this phone on a regular basis. It has the nice ability to attach a voice tag to a phone number...a useful feature...when it works. About 80% of the time, it recognizes the number I ask for, the other 20% it lets me know that it doesn't understand...by screeching (next to my head). Want to know what that feels like with your phone? Turn the ringer up to the highest setting, hold the phone next to your ear, call your phone. Not pleasant. Add to this the fact that when you're searching one of the numerous menus on the phone (menus that have at least 5 items in them), the menu system uses up a whole screen to display one line of text. It has three lines available to it...but it uses one. What's next? What did you just pass? Go back and look, can't find out another way! 3.) Fragile - My phone is cracked. Why you ask? Because I took off the battery cover. Why did you take off the battery cover you ask? Because I wanted to write this review and that was the only way to find out the model number. 4.) Heavy - Speaks for itself...the phone weighs way too much. 5.) Bulky - Again, like heavy, speaks for itself. My recommendation: buy a better phone. This one will only make you cry at night.",1,Positive
"I bought this phone about a year ago and have been using it ever since, on the Sprint PCS network, to replace an old TP2100. The first time I bought it, the phone was defective, so I had to get it replaced after a few days. I liked the phone okay at first, but I really wish I can go back in time and buy a better phone. Several issues: *mediocre reception. *rather bulky and unattractive. *cheap feel, cheaply made, cheap materials. *screen not easily visible in bright sunlight. *battery life marginal. I will go into a little detail about a few things. I get okay reception on this phone. It is NOT GOOD reception. The phone will work in areas where there is a good signal, but in areas with a marginal signal, such as my apartment, the phone will drop calls left and right, and fade in and out about 5 seconds of every minute (this is outside, so interference from the building is not the cause). In my residence, I use my husband's Sanyo, as it gets an excellent signal, and doesn't drop nearly as many calls. I have had Sprint check out the phone, and they say it is working correctly. I can only assume it is the poor quality of the phone that is to blame. The phone is quite big for what I would expect from a modern phone, with no camera. In a small purse, it takes up a lot of room. What is more important is that the phone is cheaply made, and has a cheap feel to it. It's made out of rather flimsy plastic. I dropped the phone once onto concrete from about 3 feet up, and the antenna head got a crack in it and a corner of the phone got serious scratches. Also, the screen can be difficult to read in bright sunlight, but it's quite bright otherwise. As far as battery life goes, it's not that great. I've gone to bed with the battery half full and have woken up to a dead phone. I believe the poor reception in my immediate area is to blame, as the phone searches for a signal and that takes battery time. Talk time is decent. Pros: *LOUD ringer *lots of features, but I rarely use them.",2,Negative
This is an excellent choice for Sprint to use when enrolling new customers for service. It is the free option for most new customers and it has been excellent after a year of ownership. I love how it lights up when someone is calling which helps to really find the phone quickly when you are in the dark. If you have the phone in a purse it really makes it easy to find due to this fact. The Nokia phone seems to be tougher to me than the Samsung phones at the Sprint store also. So my only issue with the phone is the fact that since it is not a flip phone the keypad must be locked before I drop the phone in my pants pocket. This can be annoying if you get used to owning a flip phone before moving to the Nokia.,4,Positive
DON'T BUY OUT OF SERVICE,1,Neutral
I have been with nextel for nearly a year now I started out this time last year with the Motorola i205 and just upgraded to the i265 it is one of the best phones I have ever had the service is the best I have ever had I have no problems making or reciving calls. If you are considering nextel give it a shot they are in my opinion the best cell company out there.,4,Positive
"I just got it and have to say its easy to use, i can hear the person talking just fine and i have had no problems dealing with nextel.",5,Positive
1 star because the phones locked so I have to pay additional fees to unlock it,1,Neutral
The product has been very good. I had used this cell phone in one of my projects and it worked wonders. I will definitely recommend this to anyone interested in buying it....,5,Positive
"My problems with nextel did not stop when I canceled my service. I will get to the problems with the service. When I went to get a new phone a day before my contract expired, I of course wanted to keep my number. So as I went to get my Cingular phone (highly recommended), I had the old number switched to my new number. Today, I get in the mail my nextel statement for the month with a $200 early termination even though I had not canceled my service, but had simply got a new phone and switched my number over. This was on icing on the cake after 2 years of absolutely amazingy bad service from nextel. In my town, not a small town by any means, there are very few places that have any service. In the largest subdivision, you cannot get service anywhere. I constantly get comments from people trying to reach me that get the classic nextel line...Please hold while the nextel subscriber you are trying to reach is located. Most of the time I would not even recieve incoming calls, calls would go straight to my voice mail. Not only would I not get the calls, but often I would not even get the voice mails until days or even weeks later. When I did actually take calls (and call out), I cannot count the number of times I've had my call dropped. I recieved so many different error messages sometimes I wonder if they just spend all their time at nextel thinking of different error messages to program into their phones. That brings me to the selling point of nextel, the famed and well-loved direct connect feature. This is an absolute joke. Direct connect only works MAYBE half the time I tried to use it. Even then, in the middle of the conversation I would be greeted by the loud beep of my phone telling me I wont be talking to that person anymore. Of course, I would expect nothing less from the nextel network. Text messaging with nextel is next to impossible. If it did not take hours to send or recieve a message, it took days, or maybe didn't even come at all. The internet access was fine, it the rare instance that it worked. Of course, when you don't have service, you don't get the internet access either. I was constantly getting the message ""network not available"". Calling and trying to complain to nextel is futile. Trying to get through to customer service takes forever and once you get through they do nothing. My experience with nextel has been nothing short of a disaster and I write this trying to warn anyone considering nextel. Stick with Verizon or Cingular and you will be much happier in the end. Don't make the same mistake I did.",1,Negative
GREAT PRODUCT THAT IS AS GREAT FOR NEXTEL AS IT IS FOR BOOST INSERT YOUR SIM & GO!,5,Positive
"I bought this phone to replace an LG phone that I didn't like. As I expected, all I had to do was put the old SIM card in the new phone and it worked. There are two serious drawbacks to this device, both related to the candy bar style. First, all the buttons are exposed, so it's easy to hit one accidentally. Second, the screen is easily scratched. This one got scratched making it difficult to read in sunlight. Aside from those two flaws, the phone works great. Connectivity, battery life, and quality of voice are superb. Since I don't do texting I can't comment on that. It is nice and small, and if it came with a case, or if I could find a case for it, then it would be perfect for my needs. The price was right. Now I have a new SIM card with $10 worth of calling on it that I don't need.",4,Positive
"I purchased this phone for my AT&T phone replacement, even though one of the FAQ mentioned it works with AT&T SIM, in my case, it didn't. Since this is my primary phone, in stead of spending time to see the reason, I'll go with other phone, which specifically says it's ""unlocked"".",1,Neutral
The phone did not come with a charger and didn't have a sims card.,1,Neutral
SERVED ME WELL AS A BACK UP PHONE.,5,Neutral
I got this phone just as secondary cell phone. It is really lightweight and very cheap. The receiption is good. But most of the time a windy noise is heard when somebody is calling to this cell phone.,3,Neutral
Sturdy - clarity is great - easy to use Only problem - no Speaker option...... Big issue for me but im living with it atm.,4,Neutral
Phone stoped working,1,Neutral
It does a beautiful job. I have used this item with my att account. its good to see my bill so little and avoided big amount of bills..i would recommend this product to any body. Very good quality it really met my expectations,5,Positive
way too small,3,Neutral
"I asked my friend to toss me my phone, but what he heard was ""Hey, throw that phone as hard as you can at my head"", so he did. Hit me square in the temple and I dropped. Needless to say this is a very sturdy phone, very simple and easy to use, long battery life (Like really long, like Stretch Armstrong long), takes being dropped and smacked around like a champ. If this phone was my son, i'd be proud, and afraid. The texting takes a little to get used to, but I digress. Smart Phones are for dummies. P.S you can create your own ringtones on this phone, provides way more entertainment than Flappy Bird.",1,Positive
"We never use cell phones, but thought we needed one for a long road trip. With our last phone we were always irritated that the battery seemed to be dead every time we tried to use it. Based on reviews, we chose this phone. Battery life is great! And the phone really does handle abuse very well. My husband forgot it was in his shirt pocket. The phone went through the washer and dryer and still works as well as ever!! I'm not sure how it would work as an everyday phone, but for those who only need it occasionally I would highly recommend. It will be there, charged and ready when you need it.",5,Negative
"I have had this model phone for 4-1/2 years and only now the battery is beginning to fail. FANTASTIC little phone that doesn't drop calls, can stick in a pocket or purse easily, does exactly what it is supposed to do at an unbeatable price. Refill for $100 and get a bonus $5.",5,Positive
"Easy to use features, slim in size at a very good price. It is better compare to my exsiting T-Mobile prepaid phone. I called from a landline to both phones and the at& t picked up within 13 seconds while the T-Mobile at 25 sec or most of the time, just jumped to my voice mail only. I highly recommend at&t.",5,Positive
"This phone is great. Simple to use, great battery life, always has a strong signal and AT&T has a great pay-as-you go plan. I'm happy.",5,Positive
It is just a basic phone and is an effective phone for people who do not need a lot of features. The size is good.,4,Positive
"this is a good little inexpensive phone - basic, but that's what I wanted! Just a phone for my pay as you go plan!",4,Neutral
"I almost never write reviews for anything, but this stupid little cheap phone has proven so reliable and indestructible that I just had to say something. I bought this phone at least 3 (maybe 4) years ago, after two ""fancy"" (expensive) flip phones each lasted less than a year before falling apart. My goal was not to buy a phone that would last 4 years (I didn't expect any phone would) and certainly was not to buy a $20 phone that would last 4 years. My goal was just not to spend $150 on another phone. I hoped it might last 6 months, until I decided what to do next (change service providers, get a new contract with a free phone, etc.) To my surprise, this little brick of a phone just keeps going. It has not been treated lightly (I recently opened up the back to find the serial #, and found it full of dirt & dust). It has crashed with me skiing, been splashed with salt water while sailing, and been drenched in sweat while in my bike jersey. Still, it works. Complaints: I dearly wish it had a camera, even a crappy one. Sometimes the exposed buttons get pressed accidentally. It has no fancy features. But I'm going to buy another one-- just in case this one ever quits. UPDATE 1/1/12: This phone is still going. 5+ years now. I bought this phone when the first-generation iPhone came out. Four generations of iPhone later, I still don't have one, because this phone has refused to die. Incredible.",5,Negative
"I have had the C168i for two years as a replacement for a different phone I broke. Note that it is a ""goPhone"" but you can use any monthly ATT service with it just by putting your SIM card in. My friends make fun of me for my boring looking phone, but they have since gone through 4-5 $150-200 phones while my $20 ""crap"" phone is still going and going... This phone is perfect for someone who doesn't need a camera, videos, bell and whistles stuff, but wants a sturdy reliable phone with a long battery life. It is also very inexpensive. Also, I attest to the main review that this phone is a ""TERMINATOR"" phone, meaning it is EXTREMELY resistant to almost all forms of physical harm. I have never tried soaking it in water, but I have dropped it, thrown it, scraped it, kicked it etc. and the screen and battery are still perfectly functional. Great battery life as well. My battery has NEVER run out on me. EVER! And I am super-negligent when it comes to charging it. Of course, the phone really only has normal calling and basic texting. The only complaint I would make is that entering new contacts into the address book is somewhat difficult and counter-intuitive until you learn how to do it. You won't regret buying this phone.",5,Positive
"I've been using this phone for about three weeks, now, and it truly is a nice little phone. It's small, light, and the keypad and screen really light up...you can actually see the screen in very bright sunlight! It does everything I want a phone to do. The graphics on the web are really very good, although accessing the web is rather slow. The keypad IS quite small, and this could be a problem for most men, but it's perfect for me. The only negative is that it doesn't have speaker phone capability. The battery life is, as the others have said, amazing! As for the person whose wife's phone was dead, it probably was jostled in her purse and was inadvertently turned on. I prefer bar phones to any other kind (not sure why), and one of the first things I learned was to lock the keypad whenever I put it in my purse, in my pocket, or any other place where it would be possible for the phone to be accidentally turned on. It's a simple matter of pushing two keys to turn on the lock or to shut it off, and sure saves a lot of battery life.",4,Positive
"Well, my phone that came with my service plan is.. well.. its now a paper weight (darn razrs!!) I didnt want to spend another 100+ on a phone that wil just break, then i stumbled upon these gophones, they are from 19.99-99.99 at best buy and work perfectly with my AT&T monthly subscription SIM card, so its just a crazy cheap phone. The battery life is AMAZING, its rated 9 hours, when i first bought it i opened it in the store and turned it on, it had 1 bar. It wasnt for another 3 hours untill i got home to charge it, and it still had the same 1 bar of battery life. I also talked a good 25 minutes too. VERY durable, i love the battery back, its not one of those slide ones (like some Sony phones), and its not one where you just push a button (like the RAZR). its a combination, you press the butten and then slide, it works REALLY WELL so there is very little chance you will break/lose the cover. came preloaded with 3 games for me, this cool space invader style game, a soccer game, and this weird mole game that is my personal favorite. Came with a TON of actually decent tones you can set as your ringtone.. unlike the RAZR which came with a horrid selection. it also came with an unactivated brand new sim card. so if your like me and you just bought this phone so you can put your old sim card into it, you will get a bonus sim card that you can sell on craigslist for like 10-15 dollars, seeing that it came with one of the new 3G cards. my only real complaint is that the keypad is really cramped, but its still easily usable, but you still get the feeling that its cramped, and my phone only came with 3 preloaded images to set as my wallpaper, and at times the call quality is a little shakey, but it rarely happens and when it does it goes away very fast... but for 30 dollars! thats a fraction of a price than the cheapest upgrade service plan phone. ---- I really doubt anybody will actually read this edit, but it is definitely worth a mention. I have had this phone since august (its Feb. 11). I hope dropped it countless times, this phone WILL NOT BREAK. Seriously, I've tried. I take horible care of this phone. I wanted to test its durability (and show off to my friends that my 20 dollar phone is more durable than your 5,000,000,000 dollar one) As demonstrations I've thrown it at trees, walls, concrete sidewalk, I've thrown it in the snow... hell I've even tossed it on the concrete and invited my friends to join me in a game of soccer with it. No joke. I didn't just do this once, but several, several times. The worst that has happened to it is the battery-cover snapped off and the battery fell out, all I had to do was put the battery back in, snap on the cover and turn the phone on. After about 4 months of treating it like that I did the same thing, actually just today (Feb. 11th). I chucked it at the concrete ground, the battery/battery cover flew off (as usual) but to my surprise when I turned it on I had a small black bar through the screen, but even more surprising is that it still works perfectly, everything does. It amazes me how poorly I've taken care of this phone, if I had done even 1/16th of the things I did to this phone to my old RAZR I can assure you it would have snapped in half or something. I highly recommend this phone. I'm going to buy another one soon, heck I might even pick up 2 one for an emergency replacement.",4,Positive
"I got this phone based on a recommendation from AT&T :( silly me. I wanted a back up phone my wife could use in case her other phone failed to turn on (also a motorola different model almost 5x price). They recommend this phone because of it's low cost and it's a go phone so you only pay for minutes you use. I bought the phone and loved it. It was very low cost, came with airtime. It feels very solid, except for the battery cover which seems flimsy but seems to hold up with no problems. It had what I felt as good sound quality and a good number of features for such a low cost phone. I wanted to prep the battery since my wife was going to travel soon, so I left it powered on and would constantly press a button so the light would stay on and drain the battery. The display is amazingly bright, I could almost use it as a flashlight. I was also really surprised at the battery life. Anyhow after two cycles of draining the battery and then charging it to full, I figured it would be all set to use as an emergency phone for my wife who was going on a two week business trip. Wrong :( on the last day of her trip her main cell phone battery was low so she decided to try to use the back up phone. It wouldn't turn on :( I don't know if it was due to the xray machines at the airports or what but the battery was drained. She said she never turned it on at all until that day so maybe it got turned on accidently in her purse (phone turns on by pressing a button on the front for 4 or 5 seconds). Anyhow to make matters worse the AT&T rep also said I could also use it as a main phone by transfering the SIM. Nope didn't work either, I was on the older AT&T plan so I had to be migrated. Atleast the phone didn't cost too much. I figure I can still keep it as an emergency 911 phone too (Go phone minutes expire :( which the AT&T rep didn't tell me about). And it does look pretty good as a paper weight.",3,Neutral
"I needed a temporary phone for a friend in a retirement home until he got settled in his new place. I charged it up and it ran for several days on its own. He would have preferred a larger key pad due to his poor eyesight, but he seemed to do okay with it, and it was simple enough for him to be able to use it to simply make or receive calls (I didn't get into the answering system with him!). Now that he has moved and has his landline installed, I am giving it to a friend who has no cell phone, and cannot afford the price of a regular one. This will be just right for her limited calls when she is on the road. So.... two for the price of one!!",4,Positive
"This phone isn't kidding when it says military specs. I had a hole in my pocket and it went tumbling down a flight of concrete steps (20 steps). It had a few scratches but it worked fine. It also made a few other death - defying leaps. It is VERY drop resistant. That being said, it is not crush proof. It's battery was just about dead so I decided to leave it in the car to charge. I plugged it into the car charger, grabbed my purse, and got out of the car. Unbeknownst to me, the charger cord was tangled around my purse. I stood up and closed the car door - right on this phone. That left a BIG mark - that finally did it in (If it still worked, I would have had the world's first boomerang phone - it looked just like a boomerang afterwards). I just ordered a new one. As much as I beat up my last phone and as well as it fared, I had to get another one. My only pet peeve with this phone is they could have at least given me ONE full game - not the lame demos that are included with it. The phone itself is about the size of a Hershey bar. I often keep it in my pants pocket (the front pocket).",4,Negative
I bought this phone and found out IDEN phones with sim cards are no longer eligible for service with Boost Mobile. So buyer be ware dont buy these unless you already have service with a sim card.,1,Neutral
i wont ( enter special code ),5,Neutral
my mother said that she loves Walkie Talkie Phones so what i did was i bought this for my mother Denise Avellan for mothers day of 2014 and my mother loves it. what a great Direct Connect Connection!!!!!!,5,Positive
Bought this phone only to be told it would no longer work on network. Waste of money and seller knew they would not work and did not say anything.,1,Negative
For the price you really get a solid boost motorola phone. Sounds and looks good.,5,Positive
"PHONE DID NOT COME WITH A SIM CARD....INFORMATION I WOULD'VE LIKED TO HAVE..... PHONE WORKS FINE, BUT BECAUSE PTT (WALKIE) IS BEING PHASED-OUT ON BOOST, NO SIM. RATING IS FOR PHONE, BUT VERY UNHAPPY NOT TO HAVE ALL THE FACTS PRIOR TO PURCHASE.",4,Neutral
"This is not a ""boost"" phone and will not work as a GPS with Boost. Had to send it back. A huge pain for something that is $24. This is a rip-off.",1,Neutral
good phone works well. very simple to use.dropped a few times and still works fine.,5,Positive
"You get the basic functions for what a cell phone is needed for, in other words this phone is simple and effective.",5,Neutral
Wouldn't know anything about the cell phone I ordered because the person hasn't even shipped it yet. It's been a month! And amazon has does nothing to help and really has nothing for an option to provide assistance.,1,Neutral
"For someone needing a very basic phone and services (i.e., no email access, no camera, etc.) this phone is quite good. The sound quality on both the built in speaker and mic and the speaker phone are very good, the phone itself is very portable and it has buttons one does not have to be a midget to operate. On the negative side (and why I give it 4 instead of 5 stars), it has a relatively small battery for its size, as anyone who has opened but back to install can attest. Hence the battery power for such a basic phone is not on a par with other ""basic"" phones, though not by much. A second critique is the very small screen which is, in addition, not very well lit. It can be a problem viewing, even in the shade. A third problem is that the interface for some of the features (i.e., voice recorder, contact list) is not as easy as it should be. Thanks to the small screen, one needs to scroll quite a bit to access some of the phone's features. One last critique is that the messaging service is quite slow. Hence if you need to use such a feature this phone is far from optimal. All and all a very good phone despite the weaknesses cited above. If someone is looking for a barebones phone this is more than fulfills the requirements.",4,Positive
"I am a professional who recently purchased a Sanyo Juno phone to use as an extra special-purpose business phone. After using Boost cards to pay for the phone for two months I switched to the Auto Re-Boost Payment Service, wherein payments are automatically charged to my credit card each month. What a terrible mistake. Boost Mobile has been making monthly charges to my credit card at the same time that it has cut off my phone service, telling me that there is no money in my account. Of course, the latter cannot be true is the former is true. When I call Boost's service number to resolve the problem I learn that there are no human beings to speak to, only an automated list of options, none of which correspond to my problem. When I contact Boost via its online customer service (an e-mail option in which the customer is asked to describe his or her problem) I receive a phone call instructing me to call the service number, which, as I've just noted, provides no human operator and tells me that there is no money in my account. In other words, Boost Mobile tells me that to restore my service I must make another payment, even though that payment has already been made by their Auto Re-Boost plan. In effect, I must pay twice for each month of service and there is nothing I can do about it. Is this a company you would want to do business with? I deeply regret selecting to business with this company.",1,Negative
"I picked this up to use with Boost Mobile. All I wanted was a phone with walkie talkie and this fit the bill. I have a digital camera for pictures, phones don't need a camera. This phone has not dropped one call since I activated it. Everytime I DT with someone it works. This phone gets a signal where T-Mobile, Sprint and all others fail. The buttons for texting and replying to emails are easy to handle. If you are looking for a ""phone"" this is the one to get. I would give this 10 starts if it were allowed. Another plus is it handles mp3's & GIF images which I upload from my own PC to the phone.",5,Positive
"This phone is awesome. I have one through Boost Mobile with the unlimited plan. Bought it on August 6th and no regrets. People that whine and complain about the screen res or no games. It's a phone people, nothing more, nothing less. I use the walkie-talkie regularly, my wife and I text back and forth daily with no missed or missing messages. This phone receives/makes calls and walkie-talkie's where others have failed. If people want games buy a Gameboy, want pictures buy a camera, not real hard to figure out. This little gem was built to be a phone and that's exactly what it is. In short.... See it as it really is, a phone.",5,Neutral
"i dont want to sound like a hot head but i havent had the best luck with cell phones, when i get a bad call the phone goes flying. this phone has impressed me with its durablity, i have thrown it, droped it and it even went flying out of my cars window while on the street when i wasnt looking, and it still works. best phone i ever bought. why would you buy a phone that cost $400 and worry every time you drop it, when if this one falls you just brush off the dirt and go on your way.",5,Negative
"I find texting impossible on this phone. As another reviewer said, the screen goes blank randomly and you have to turn it off and on again. Also the phone randomly turns off phone transmissions and you have to turn it back on to receive/make phone calls. There has to be better phones out there.",1,Neutral
"I recently had an i776 which was ruined at work. I had good service with it and it worked well. I spent $50 on this piece, the service is horrible, very patchy. I don't receive texts, sometimes the screens goes white for no reason. The key pad lights stopped working, the phone has no alarm. The battery doesn't last more than a day. I have only had to phone for two months. Its the worst phone ive owned, do not buy this. The i776 is a good phone,but you have to buy the rugged version.",1,Negative
I LOVE THIS PHONE! YES I WOULD LOVE IT TO HAVE MORE FEATURES BUT I LOVE THIS PHONE! THE SOUND QUALITY IS GREAT! I COULD BE DOING LAUNDRY AND BE TALKING IN SPEAKER AND HEAR AND BE HERD PERFECTLY WITHOUT THE ECKO MOST PHONES MAKE TO WHO EVER IS LISTENING TO YOU THE WEB IS NORMAL LIKE ANY OTHER PHONE THE TEXING IS GOOD ASS WELL OVERALL THIS PHONE WON ME OVER WITH ITS SOUND QUALITY IVE HAD SO MANY PHONES VERY LOW ON SOUND THIS PHONE IS PERFECT I HAD THE OTHER PHONE THE $[...]. ONE BUT UPGRADED TO THIS ONE AND LOVE IT'S EVEN BETTER THAN THE OTHER ONE ITS VERY EASY TO TIPE THE BUTTONS ARE NOT HARD AT ALL LOVE THIS PHONE.,5,Positive
"This phone is JUNK. Do NOT buy this phone. You will have much faster messaging via regular USPS. Your text messages will be lost in the vast time warp of boost mobilism where they will stay until you decide to try to use the internet on this phone. While waiting the regular 15 minutes for a webpage to load, you will be bumrushed by a million of delayed texts which will obliterate all the efforts this sorry little phone has put forth in trying to load the webpage. The screen will turn white and the entire phone will reset on its own. You will then have the responsibility of manually turning your transmitters back on for the phone to work again. If you are arguing with a girlfriend on this phone, she will dump you because she will think you have hung up on her. If you have close family members, they will abandon you and make pacts with other family members not to call or text you because you never text back and hardly ever answer. If you are having an affair with a married woman, this phone will hold all the messages you sent to her until her husband has come home. Then, like magic, this phone will deliver all the long lost messages as soon as he picks up his wife's phone. They should reaname this phone the i666. The Taliban has claimed responsibility for this phone, but common sense makes one wonder if it wasn't created by a more sinister power. Possibly Satan himself.",1,Negative
it withstands a lot and is worth the money only thing IT DOESNT HAVE A CAMERA,5,Neutral
"This was a replacement for the one my mom had that went south on us. Can't really complain about it because the problem with this device is the carrier not the phone. Probably should give it five stars because the seller gave a spot on description, gave a charger, and threw in a case for free but yet again my carrier doesn't seem to like the phone. I did receive this package next day.",4,Neutral
"The shipping time on the phone was great, The phone also works great and as it is supose to, My sims card had no problems as some stated theirs did, great battery life, nice looking phone. Work in a area that my other phone had no signal this phone does when clear out, Not so good when cloudy, But would buy again from seller. Thank you Mark",5,Positive
Purchased 2 and one worked....,3,Neutral
Delivered as promised.,5,Neutral
"They are showing a cingular phone which is identical to the one that I had ,Instead I got an AT&tT.It is okay but yhe cingular phone has more options.",3,Neutral
"My wife loves this phone, it is her third one like it. This one is perfect for her. Thanks.",5,Positive
"this phone was the one my husband got when we first opened our cell account many years ago. He is not open to change and I wasn't sure i could get this phone again. I am very glad I was able to get it for him, and it is working quite well. Thank you.",5,Positive
"I got this phone because I wanted a phone that would have better reception than my previous phone. However, it never recognized any of the information stored on my SIM card, so it was essentially useless to me.",2,Neutral
"The phone was purchased through an 'Alpha Wireless' supposedly in Texas but shipped from a 'Go Green Wireless' out of Florida. While I understand that several companies may cooperate to fulfill orders it does make it difficult regarding recourse when, in this case, a phone was represented as 'New' and simply was not. The price paid should have more closely reflected the condition. Buyer beware as usual when using Amazon or Ebay.",3,Neutral
"It's a nice phone only if it worked properly. I can answer the phone but can't hear the person on the line I have to put the phone on speaker in order to hear, this causes people to hang up because the phone's a piece of junk. this started happen two days after I got the phone.....a bad choice.",1,Negative
Very satisfied,5,Neutral
If you are looking for regular phone that's fairly durable this is great! Especially if used in heavy case? Yes I would recommend this phone,4,Positive
"Short: This phone works fine as a basic phone, if that is all you are looking for. Long: My old phone's LCD croaked on me, and I wanted to wait a bit before buying an HTC Dream, so I went with this cheap phone. Complaints: Menu/key response is sometimes slow. No way to get data to phone via USB cable, at least if you live in the US. It seems like a USB cable exists (in Europe, Asia and Australia) but it costs about as much as the phone itself does after exchange rates. If you go to [...], they talk about cable CA-126, which works with the 1680. It has a regular usb connector on one end, and a Nokia microusb & 2.5mm charger plug on the other. The US Nokia manual says the Microusb port is for ""authorized personal only"", which to my mind says that the carriers in the US wanted to force people into getting things onto the phone via some $$$-chargeable method. In any event, I'll be getting a new phone in a few months so I'll live with this phone for now. But the limitations it has makes it so that it is only suitable for those who are not looking for anything other than making/receiving phone calls (like my parents).",3,Positive
"The good news is that it has a long battery life and is lightweight. But none of that is worth anything if you cant hear the other person. I had a Samsung and a Sony before and never had this problem. The keypad is tough, requiring sledge hammer to push the keys. Bottom line: the phone is cheap, but you get what you pay for. Try Sony or Samsung, their cheapest models work better than this.",1,Neutral
"I needed a replacement phone, and did not want to sign up for a new contract, so I bought a Nokia 1680c at the full retail price. This phone is a good value. It rings loud & clear, and the speakerphone is easy to hear. People I'm calling say my voice is clear, though they can tell I'm on a cell phone. It has a lot of neat software features; for example, you can configure a shortcut action for the left and right softkeys, as well the Up-Down-Left-Right buttons. There is no dedicated rocker switch on the side for volume up & down; during a call, the volume is adjusted by the Left and Right buttons. The phone is constructed well, but feels too light. Battery life is very good. The screen is bright and clear. Navigating menus can be a little sluggish. The keypad is stiff, making text messaging a chore. No Bluetooth connectivity, so forget about using one of those fancy headsets. The box does include a wired earbud/microphone with integrated call answer/end button. Something that annoyed me was how it saved numbers to the address book from an incoming call; the Nokia software puts a ""+"" symbol in front of incoming call numbers. That gets saved to the address book -- for example ""+15551212121"" -- a minor thing, and something probably more useful for European phone numbers, for example. Overall, I like this phone, and will probably keep it until I someday feel the need to get a smartphone-type slab of electronics.",4,Positive
"This is probably the wrost experience i had with Amazon and it costed me $72.00. Both my phones from amazon arrived inright time but without activation. I called AT&T and they could not locate our phone numbers so had to call back amazon and learned that they have not activated our phones. Amazon customer service took good amount of time to do this meanwhile i missed by billing cycle with old cell phone company. This process took about a week, and not to mention the SIM card delivered was not working and amazon had to ship again.",1,Positive
"By simple I mean that in a good way, having come from an Envy 2 I am glad to be able to open the phone and dial and not have to deal with clicking OK twice to unlock the ""locked"" screen. Quotes intentional, the screen was only locked when I needed to urgently make a call but had a lot of phantom dialing while in my pocket. So back to the Alias 2 the phone is easy to figure out but does not work in all the ways it is said to work. Specifically I can not get this phone to pair with my blue tooth in my new car. I tried, the car dealer tried and while NO issues are reported with this phone and its blue tooth capabilities I beg to differ! I read another review of a person who had exact same trouble with a different model car and was also told the phone is fine. It is obviously something unique to this model only because other samsung phones pair without problems. I got my phone exchanged and after going through that it still will not pair with my car. I wanted this phone because it is simpler than the previous envy 2 I owned but even that phone will pair with my car. I plan to switch to a smart phone as soon as the Nexus One comes to verizon. Considering the very large increase in the monthly charges they will thus receive and extending my contract I sincerely hope they work as hard to keep the customer happy as they say they do. This customer is not terribly happy right now! I will say that the network is the strongest for my area so I hope to stick with verizon but can and will change if they wont try and keep me satisfied.",3,Positive
"Just recently got this phone as a replacement to my i760 and am happy to be back to a flip phone. Great Camera, have not tested video yet. Battery life is solid. I'll give samsung credit for the rotating/changable keyboard, a cool thing for the next model might be a customizable keyboard where you have the ability to assign values to each key. As far as ease of use for the keyboard...I havent had any problems and I have large hands/fingers. It takes a little getting used to but once acclimated you should have no problems. I cant comment on voice recognition or blue tooth as I dont really use those features and honestly find them useless (once in a while I'll use my ear piece in the car but its rare). I also dont plan on using it as an MP3 player...I have an ipod for that. If your looking for a phone to synch with outlook then find one where that is offered in the specs. Yes you can remotely sync and get access to web email but nowhere in the description is outlook mentioned so I cant hold that against the phone. It would be like faulting my car cause it doesnt fly (I know thats an exageration but its kinda the same thing) when its clearly not meant for that. If you need a phone that syncs with outlook then get a pda phone. This is basically your standard flip with a few extra features and probly wont be as popular with the mickey mouse club kids that want an iPhone like device that they can watch movies on and giggle over the txts their friends just sent. Interface is about the same as any other VZ flip phone I've had in the past. The ability to use a 16gb micro sd is also a nice feature and is especially handy if you have a card reader on your pc/laptop. All in all its a solid phone that serves the purpose its intended for...a phone thats easy to txt on and make calls on.",4,Positive
"Good overall phone, bluetooth so far syncs well with the integrated bluetooth in a Mercedes that I used to have and also with the aftermarket Alpine stereo that I have in my VW. But some of the features and design are just poor and/or not thought out. Looks great but the body is far too slippery. It's like handling a bar of soap. I use it as my primary alarm clock in the morning and it's really clumsy to grab off the nightstand and shut off the alarm. Even when I'm fully awake and alert :-) it's hard to open and I've dropped it a few times while fumbling to open it. There is a wider slit on the clamshell lid to fit your finger into when opening in portrait mode but in landscape mode there's no place to insert your finger to flip it open, so you have to use your fingernail. Unlike my previous phone, it takes two hands almost all the time to open this thing whereas my old phone I could easily flip it open with one hand. I wish the alarm clock's snooze function was like most clock radios where it allows 10 minutes snooze time, not 5. 5 is just too short. Or, the phone should allow you to set the snooze period as a preference. There is no way to display the time on the front screen when the phone is dark; you have to open it up. Well, you can fake it by holding the lock button for the music keys, which will light up the display) but then you have to hold it a second time to reset the lock/unlock back to where you had it. Also, when you're on a call (although just about every cell phone fails on this) the clock doesn't display anywhere (so this is no better than other phones). How many times have you been on a call and said ""Hey let's meet later!"" and the person asks you ""Ok, what time is it now?"" and you can't tell. (I quit wearing watches because of the clocks on cell phones...but why don't they display the time when on a call?) The keys on the outside aren't too bad except the volume up/down is a little too easy to accidentally press. I like the keyboard idea overall but I find it's like typing on little Chiclet gum candies. I need to use my fingernails to avoid fat-fingering it. In QWERTY mode, the END button is too close to the space bar and I have inadvertantly killed my web browser when typing a space in a field on a page. Frustrating! With the END key was farther away. Wish they would have also engineered in some page up/down keys too, as scrolling line by line is cumbersome. I would also like the END and SEND keys to somehow be the traditional red and green colors too. I use Outlook on my netbook to ""sync"" (sort of) my contacts to the phone. This works alright but if you want to refresh your contacts you have to delete them all from the phone and then resend them over or they'll be duplicates. This is a bit annoying only in that you will then need to re-enter the ICE contacts manually. The bluetooth can send pics to my netbook, but only one at a time (cumbersome). Can't select multiple photos at once. Won't send videos at all to my netbook via Bluetooth. Have to send them via a picture message to email and fake it that way but you incur data usage charges doing it that way. Or you can use removable storage on the MicroSD card to do it. The biggest disappointment is the calendar. What a useless piece of junk! It says you can send calendar appointments to the phone, which you can, but it is half-baked. If you set a reminder in Outlook, the reminder doesn't carry over to the phone. The phone only supports one text field for the appointment and it corresponds to the Outlook appointment body (not the header meeting description nor location), so I have to retype the description and location in the Outlook calendar body if I want to see anything useful on the phone. Even then, some appointments come over with an empty text field on the phone (it is either a problem with the text being too long and/or having a carriage return in the text I think). So if I try to then enter it on the phone (enter the description in the displayed (and empty) text field), the phone freezes and then reboots. Terrible! The recurring meeting also is miserably half-baked. You cannot set an interval like ""every other week"". I work a 9/80 work schedule and I want to have every other Friday that I work in my phone so I know when I'm off work or not. I can only choose daily, weekly, monthly, or annually. So while it does take Outlook calendar items, they end up so flawed and useless that if you really do plan on using this phone as an organizer, don't; it will fail to meet your needs. I understand that Samsung uses this same calendar in many of its products and if so, it will be a deal breaker next time around for me and I'll shop a different brand. The add-on Mobile Email from OZ isn't too bad but it also has room for improvement. It is billed as ""fully integrated"" but not in my eyes. While the phone itself has a limited file viewer for certain file types stored on it, if you receive an email with attachments (even if just a .jpg), the OZ mobile email doesn't support accessing attachments. This is not what I call ""fully integrated"". The OZ email client also works a bit inconsistently (although maybe it's an issue with the email providers and not OZ?). With my Cox POP3 accounts, I can only access the inbox (not sent items). With Yahoo and Hotmail, I can access the various folders OK. With my university's email account (hosted by Google GMAIL), it displays both the inbox and the sent items in the inbox (really weird, and I imagine if I had other folders it might lump everything togeter as well). The user interface for the OZ mobile email isn't too bad although it was a bit unintuitive to find how to add a recipient to an email from the phone's contacts. Can be done but just was hard to find. Also isn't clear on how to add multiple recipients (use a comma or semicolon between them? don't know...) Beware of Verizon's compusory data plan with this phone. It is misleading. Supposedly for $9.99 a month you get 25MB of data usage. This often isn't presented clearly. It applies only to the web browser. Texting and picture messaging are not part of this 25MB **even though they use a data connection!**. It should be called a ""web browsing plan"", not a ""data plan"". So unless you pay for an additional texting plan, you will be charged for each message. I was pretty furious when my first bill arrived to find I was charged for the picture messages I sent thinking it was part of my ""data plan"". The mp3 player is alright although once or twice it froze up on me and I had to restart the phone. The headphone jack is a nontypical 2.5mm so you will need an adapter to go to 3.5mm. Booooo. Battery life is so-so. If at work I listen to mp3s during the day and also do a little lunchtime web browsing for about 10-15 minutes, I can easily go from a full battery to dead in about 5-6 hours. I don't know if this is typical or not of most phones, but it'd be nice if the mp3s can make it through one whole workday, but it can't. Sound on the built-in speakers is decent for something so small.",3,Negative
"I loved my Samsung Alias, as most Alias owners do. I decided to purchase the Alias 2 on faith, assuming that Samsung had simply updated certain features of the original. I was mistaken. The first thing you will notice is the size; the alias 2 is taller, thicker, and wider than the original. If you are like me, one of the reasons you bought the original alias was it's super-slim design. I would say it's about 50% bulkier than the original. While the original slid into your jeans and disappeared, the new one will stick out like a sore thumb. I suppose the increase in size supports the new and improved camera/camcorder but I never used that feature too much in the first place. Ultimately, I would say this is the reason I returned the alias 2, but I also did not care for the much ballyhooed liquid ink screen. When texting, you must toggle through 3 screens to find all the numbers/symbols/punctuation marks that you need. In fact, the third screen only had a scant number of symbols on it, so the empty space is frustrating when toggling to the first screen for the letters. The empty space is a theme on all screens in fact, in either orientation. As I said, I found this annoying (maybe only because I became so used to the 1000 figures/symbols crammed onto the original alias phone pad). I ended up returning the alias 2 and going back to the original. I will keep my new every 2 discount until Verizon comes out with a very good Android or Apple finally relents with the iphone/At&T exclusivity.",2,Positive
"I've gone through several phones in the last few years - whenever my rebates would apply I would upgrade. Last year I settled on the Alias 2, mostly because of the e-ink technology. I was impressed at first but the excitement of the new phone wore off as it always does. Regardless, it remains a trustworthy phone. Hopefully Samsung's newer versions of the Alias will fix a few flaws that I've run into, not the least of which is a slow system. When you're in the middle of typing a text and a new text comes in, the phone freezes momentarily before saving the text-in-progress in a draft and showing you the new text. The fact that the phone saves the text is good - but it would be better if the incoming text flew to the background and the phone allowed you to continue your typing. I've had to learn that when I'm typing a text and the phone stops registering what I'm trying to enter, I have to stop pushing buttons. If you give it a second, it'll resume normal running - otherwise, you might accidentally delete the incoming text. The same goes for trying to take a picture while a text comes in - except the picture doesn't save. Occasionally the phone gets confused - if you flip from landscape to vertical positions too fast, the keys and screen don't change, even after you push a few buttons. It continues to operate as if it were in vertical mode, even though the phone is flipped to the normal position. I like that I can switch from vertical to horizontal and back while in the middle of a text, but this only works if you flip fast enough (there's plenty of time - plus if you close the phone and don't flip fast enough, it simply saves your draft) and doesn't apply to any application other than an in-progress text. There's a decent signal with the Alias 2 - my previous phone was a cheap-o so I noticed an improvement in the signal but I can't verify that it's better than the enV or Omnia or other higher-end phone. If you're considering this phone, take into consideration that none of the cases, including the slimmest clear plastic ones, fit very well on the dual-hinge. They don't prevent the phone from opening, but they do cause a strain on the hinge when flipped in landscape mode and they make phone bulkier than necessary. In terms of size, it has a great feel. It's probably a little bit taller than most phones (about the size of the enV Touch and the orignal enV) but it's very slim and definitely pocket-sized. The keyboard, both in landscape and vertical modes, is a great size and perfect for texting. The keys have a unique feel and are not too big and not too small. The front display provides access to your music and taking a picture self-portrait style. (I've seen some complaints that this isn't possible - it is, you have to hold down the play/pause button then the skip-back button to activate the camera. You can see a preview of the picture and simply press the play/pause button again to take the pic.) The front display also allows you to see text message previews and a quick response with the ""Quick texts"" ... You have to have ""Auto-display text"" options set - a feature I didn't discover until I'd had the phone for six or seven months. (Probably should have read the manual!) The volume for the speaker and the mic are good - I haven't had trouble with not being able to hear anyone or with them hearing me. The speaker phone can be a bit crackly if it's up all the way, but full volume is not necessary as it is plenty loud. When the phone is closed, i.e. listening to music - it needs to be up a bit louder and therefore is sometimes crackly but I'm satifisied with it. After all, it's phone, not a iPod dock. All-in-all, this is a great phone with just a few minor problems. I'm still happy with it after the initial novelty has worn off, even though I'm lusting after an enV Touch (just my personal fickleness when it comes to phones!) I'm saving my money, however, and holding onto the trusty Alias 2.",4,Positive
"The messaging features are nice. Typing text messages is not so much of a hassle with the keyboard. Also, the screen is quite pretty. I have found the morphing keyboard to be a great feature. When receiving calls, the phone works over half the time, but it sometimes resets when I attempt to answer calls. Also, at other times it lights up when a call is coming in, but won't actually finish the process and start ringing, so I don't know who actually called until they tell me later. I'm beginning to kick myself for signing a contract for service with this phone, and I suspect that it is going to be a pain in the butt until the contract is up.",3,Neutral
"I have been using this phone for a few days now and I like it. I am not a big ""gadget phone"" fan, preferring a simpler device that does just what I want. The voice quality is acceptable and after a short learning cycle is easy to use. The Alias 2 allows me, a novice texter, to send and receive text messages with no real hassles. The keypad is a great size, even for my larger fingers. I would have given 5 stars, except for the learning curve required to figure the phone out. Not that this is bad, but it is definitely different than the older phones I was used to.",4,Positive
"I've had this phone for a couple of months. It's pretty cool in the way the screen and keypad can be used in either portrait or landscape. However, the keys don't have good tactile feedback. I have to type with my fingernail in order to press the keys hard enough and accurately. Its voice recognition software is worthless, so if you are accustomed to using this feature to dial (such as in the car using an earpiece), don't bother. The camera and camcorder work very well and the quality of the pictures and display are really good. The battery in this phone doesn't last near as long as my old LG, however this phone has many more features, so I think the battery life is acceptable. It's got a sleek design and it's fun to use, however, I don't think I'd buy another one because of the usability issues.",3,Positive
"My Alias 2 keeps shutting off, even with a full charge. I thought it might be a problem with my battery until my husband's phone started doing the same thing...several times a day! Since then, we have heard of two other people having the same problem with the Alias 2. The local Verizon store offered a software update, but with no guarantee that it would correct the problem. They claim that this phone wasn't a big seller, and they have never heard of this problem before. They refuse to look into the problem, saying that's just the nature of electronic devices...no guarantees. Anyone else having this problem?",2,Negative
"Had a Samsung A-310 for 6 years...a die-hard, sturdy phone. Wanted the same, with improved features. Looked for a flip phone (no purse-calling) that was intuitive, and had decent-sized keys to start texting - and this is it. You have SOOOO much room, because the keyboard changes with your need. Easy to use - intuitive for basic functions. If you choose to read the manual, there is a LOT more there. It's wonderful - thanks Samsung!!!",5,Positive
"Overall I like the phone for its call quality. I love the keyboard and find it very easy to type text messages. I haven't used the camera or the Bluetooth features. I can access my email accounts easily. The main problem with the phone is that locks up when I attempt to use the MP3 player. I have an 8GB MicroSD card with all of my music on it. I hook the phone up to my car radio to play it. Everything was fine for the first month, but now the phone locks up or freezes when it's in media mode and the only way to unlock it is to remove and then replace the battery. Very annoying. The phone has also turned off several times when I was attempting to answer a call.",2,Neutral
"This is a excellent phone great talk time, excellent standby, very user friendly, I may state it takes a little time to get use to but so does it when you change to new anything. The only down fall is the top 3 keys when your texting when you have large fingers, besides that I would recommend this phone to anybody my wife and kids go through phones like water so had many phones but this one is very unique exspecially with the flip screen. The pictures are excellent minus not having a flash i can live with that cause in low light still takes excellent pics. The flashes on all other phones are a joke those are only good for a couple of foot so take how you want but I recommend this phone for anybody men or women is is very unique. Only gripe is for my wife could be in different colors but my gripe is 3 top buttons could be different thanks for reading Jeff.",5,Positive
"Don't bother with this piece of junk. It is the worst phone I have ever owned. Turns itself off inexplicably 15 times a day. Shuts down in the middle of a conversation. So embarrassing. If you ""close"" it too fast, it shuts down. Also, the body of the phone is way too ""slippery"" --- I have dropped it out of my hand a dozen times only because it's too darn slippery to hold. Impossible to flip open the phone with one hand, you need both hands to open it. Terrible product. I am thinking about quitting Verizon simply because they offer this POS phone. Don't waste your time or money with this junk.",1,Neutral
"I got mine for free with the purchase of my wife's blackberry. With the understanding that this is not a full computer, its a great tool tpo give you quick access to the internet. I really don't like working on lap tops, so only own a desktop. This leaves me limited in where I can have access to the internet. This thing gives me access everywhere. I have wireless in the house and I use the broadband everywhere else. Because it is only a netbook it does have its limitations. If you are looking for a full featured machine, this is not for you. But for quick access to the internet and most files, its great.",4,Positive
"Pros: Creative use of buttons, big screen, qwerty keyboard Cons: Doesn't sync with Outlook, clunky user interface, muddled audio in ear piece/speakerphone I really have to give credit to Samsung because of the creatively designed keypad, but I don't recommend this phone overall. The phone user interface isn't simple, and is made somewhat more complicated because they keyboard layout is constantly changing based on what screen you're on. For example, there's an awkward key layout in some versions of the layout, takes too many keystrokes to do things like turn off an alarm (I guess I've been spoiled by almost always owning Nokias, as they tend to have the best-designed user interfaces). Aside from the clumsy UI, the biggest thing that killed this for our family was its inability to sync contacts and calendar events with Outlook. Maybe there's a way to do it with a combination of MyVerizon and USB cables, but its not worth the effort, especially when I can switch to a Nokia that takes care of it (as an aside, I switched to AT&T a week later because of the poor phone selection at Verizon. Also, Verizon disables any Bluetooth syncing capabilities with Outlook, even for the few Nokias they offer.) Overall, the phone is designed creatively, but its hip design doesn't make up for its poor UI and lack of features that were essential to me.",3,Negative
never had a problem have had this phone for over 1 year camera takes decent not great pics nice big buttons for texting call quality excellent battery life pretty good all in all a happy camper,4,Positive
Has some real ram issues. It is really unusable. It takes a good 3 minutes just to run a program. I got mine for free for signing up for Fios and I feel like I got ripped off. I thought it would be a nice little thing because we only have 1 computer in my house. But really this can be used for nothing more than a paper weight. DO NOT BUY. I had to give 1 star because 0 stars wasn't an option.,1,Positive
"Great phone, which has the comfort of a larger phone, mixed with a very easy to use qwerty keyboard. the keyboard has nice space, and a texture that feels like the kindle. With the touch of a button, the QWERTY turns into 1234, or /?!> ect. Just a need phone, highly recommended.",5,Positive
"I have had this fone for two years, and have not had one problem with it.......love the magic keys.....will wait till the Alias 3 comes out to upgrade and it better have the magic keys!",5,Positive
